attr0,attr1,class
-1.5111316282778764,2.1326018466963865,-1
5.505035044085469,2.1326018466963865,-1
5.505035044085469,-1.8784590166778796,-1
-1.5111316282778764,-1.8784590166778796,-1
-1.5111316282778764,2.1326018466963865,-1
