attr0,attr1,class
0.90433522,-0.88011599,1
1.13326672,-0.6119303,1
0.60846385,1.05515504,1
-1.51113163,1.7836068,1
0.21712901,-0.2818993,1
0.90433522,-0.88011599,1
