attr0,attr1,class
3.09353377,0.94216141,0
2.1371098,-0.46765424,0
4.31965472,-1.87845902,0
5.50503504,-1.37482694,0
5.23873315,-0.23099051,0
3.09353377,0.94216141,0
