attr0,attr1,class
3.66522473,2.13260185,3
0.00413517,-1.41955963,3
1.34925953,-1.02575727,3
2.99783241,0.13645295,3
3.66522473,2.13260185,3
