attr0,attr1,class
4.17191686,0.4182171,2
2.41402091,0.97138795,2
1.12129642,0.95074857,2
-0.42672068 ,0.78375903,2
4.14083255,0.11557758,2
4.17191686,0.4182171,2
